"Name";"Entity";"System drive free space";"System drive capacity";"Hard disks";"Hard disks manufacturers";"System disk type";"Last seen";"Business Unit";"Model";"Engine"
"PHMNLEL1B4H0N2";"Mercer - Manila (PH) - Laptop";"10743713792";"254169886720";"Micron 1100 SCSI Disk Device:256052966400:0.8:SSD:boot disk:ok";"Micron";"SSD";"2022-05-14T10:09:31";"Mercer";"Dell Latitude 7480";"engine-12"
"PHMNLELDTX3NH2";"Mercer - Manila (PH) - Laptop";"16934178816";"254171234304";"Micron 1100 SCSI Disk Device:256052966400:0.7:SSD:boot disk:ok";"Micron";"SSD";"2022-05-14T10:10:03";"Mercer";"Dell Latitude 7480";"engine-12"
"SGSGPEL2RMTXT2";"Mercer - Singapore (SG) - Laptop";"22932738048";"252736155648";"TOSHIBA KSG60ZMV256G M.2 2280 256GB:256052966400:1:SSD:boot disk:ok";"Toshiba";"SSD";"2022-05-14T10:10:19";"Mercer";"Dell Latitude 7280";"engine-12"
"IDJAKELF4ZC6Y2";"Mercer - Jakarta (ID) - Laptop";"18686935040";"252736155648";"SAMSUNG SSD PM871b M.2 2280 256GB:256052966400:0.9:SSD:boot disk:ok";"Samsung";"SSD";"2022-05-14T10:10:03";"Mercer";"Dell Latitude 5490";"engine-12"
"MYKLUELFGCMGC2";"Mercer - Kuala Lumpur (MY) - Laptop";"7742926848";"255049326592";"SanDisk X400 M.2 2280 256GB:256052966400:0.9:SSD:boot disk:ok";"";"SSD";"2022-05-14T10:09:46";"Mercer";"Dell Latitude E7470";"engine-12"
"SGSGPEL71RCRQ2";"Mercer - Singapore (SG) - Laptop";"20379836416";"252736155648";"SAMSUNG SSD PM871b M.2 2280 256GB:256052966400:0.8:SSD:boot disk:ok";"Samsung";"SSD";"2022-05-14T10:10:02";"Mercer";"Dell Latitude 7280";"engine-12"
"PHMNLELFCCCNH2";"Mercer - Manila (PH) - Laptop";"167297024";"254171451392";"Micron 1100 SCSI Disk Device:256052966400:0.7:SSD:boot disk:ok";"Micron";"SSD";"2022-05-13T20:56:28";"Mercer";"Dell Latitude 7480";"engine-12"
"SGSGPELBL78FH2";"Mercer - Singapore (SG) - Laptop";"15235289088";"254171619328";"SanDisk X400 SCSI Disk Device:256052966400:0.8:SSD:boot disk:ok";"";"SSD";"2022-05-12T23:37:44";"Mercer";"Dell Latitude 7280";"engine-12"
"SGSGPELD86SXT2";"Mercer - Singapore (SG) - Laptop";"16073244672";"252736155648";"TOSHIBA KSG60ZMV256G M.2 2280 256GB:256052966400:1:SSD:boot disk:ok";"Toshiba";"SSD";"2022-05-13T22:30:00";"Mercer";"Dell Latitude 7280";"engine-12"
"SGSGPELJYDY9H2";"Mercer - Singapore (SG) - Laptop";"11788251136";"255050407936";"SK hynix SC308 SATA 256GB:256052966400:0.8:SSD:boot disk:predicted_to_fail";"";"SSD";"2022-05-13T19:56:41";"Mercer";"Dell Latitude E7270";"engine-12"
"MYKLUEL83XRQC2";"Mercer - Kuala Lumpur (MY) - Laptop";"20035588096";"255332540416";"SanDisk X400 M.2 2280 256GB:256052966400:0.8:SSD:boot disk:ok";"";"SSD";"2022-05-12T19:52:19";"";"Dell Latitude E7470";"engine-12"
"SGSGPEL5LTR3Z2";"Mercer - Singapore (SG) - Laptop";"19701297152";"252736155648";"Samsung PM981a NVMe Samsung 256GB:256052966400:NULL:SSD:boot disk:ok";"Samsung";"SSD";"2022-05-14T04:14:07";"Mercer";"Dell Latitude 7300";"engine-12"
"SGSGPEL8FGPNF2";"Mercer - Singapore (SG) - Laptop";"21207343104";"252736155648";"Intel INTEL SSDSCKKF256G8 SATA 256GB:256052966400:0.8:SSD:boot disk:ok";"Intel";"SSD";"2022-05-12T22:59:45";"Mercer";"Dell Latitude 5290";"engine-12"
"MYKLUEL1PSZ5S2";"Mercer - Kuala Lumpur (MY) - Laptop";"11890388992";"252736155648";"TOSHIBA KSG60ZMV256G M.2 2280 256GB:256052966400:0.9:SSD:boot disk:ok";"Toshiba";"SSD";"2022-05-14T03:38:33";"Mercer";"Dell Latitude 5490";"engine-12"
"PHMNLEL5BPZZY2";"Mercer - Manila (PH) - Laptop";"1550876672";"252736155648";"Micron 1300 SATA 256GB:256052966400:0.9:SSD:boot disk:ok";"Micron";"SSD";"2022-05-13T21:12:14";"Mercer";"Dell Latitude 5290";"engine-12"
"IDJAKELFXFWVZ2";"Mercer - Jakarta (ID) - Laptop";"18102366208";"252736155648";"Western Digital PC SN520 NVMe WDC 256GB:256052966400:NULL:SSD:boot disk:ok";"Western Digital";"SSD";"2022-05-13T19:18:11";"Mercer";"Dell Latitude 5300";"engine-12"
"MYKLUELGM49BG2";"Mercer - Kuala Lumpur (MY) - Laptop";"19717554176";"255050432512";"SK hynix SC308 SATA 256GB:256052966400:0.7:SSD:boot disk:predicted_to_fail";"";"SSD";"2022-05-13T16:55:04";"Mercer";"Dell Latitude E7470";"engine-12"
"SGSGPELFRHWQN2";"Mercer - Singapore (SG) - Laptop";"12630257664";"252736155648";"SK hynix SC311 SATA 256GB:256052966400:0.8:SSD:boot disk:ok";"";"SSD";"2022-05-13T18:37:30";"Mercer";"Dell Latitude 7280";"engine-12"
"SGSGPELBL9D0N2";"Mercer - Singapore (SG) - Laptop";"7833210880";"254171811840";"Micron 1100 SCSI Disk Device:256052966400:0.8:SSD:boot disk:ok";"Micron";"SSD";"2022-05-10T21:58:45";"Mercer";"Dell Latitude 7280";"engine-12"
"MYKLUEL8SP9BG2";"Mercer - Kuala Lumpur (MY) - Laptop";"15412711424";"252736155648";"SK hynix SC308 SATA 256GB:256052966400:0.8:SSD:boot disk:predicted_to_fail";"";"SSD";"2022-05-11T18:27:21";"Mercer";"Dell Latitude E7470";"engine-12"
"SGSGPEL8VCH3G2";"Mercer - Singapore (SG) - Laptop";"25984274432";"255043694592";"TOSHIB  THNSNK256GVN8 M. SCSI Disk Device:256052966400:0.7:SSD:boot disk:ok";"";"SSD";"2022-05-08T14:37:59";"Mercer";"Dell Latitude E7270";"engine-12"
"SGSGPEL2Y7Z2Z2";"Mercer - Singapore (SG) - Laptop";"22434508800";"252736155648";"Samsung PM981 NVMe Samsung 256GB:256052966400:NULL:SSD:boot disk:ok";"Samsung";"SSD";"2022-05-13T09:38:17";"Mercer";"Dell Latitude 7300";"engine-12"
"THBANEL8617M72";"Mercer - Bangkok (TH) - Laptop";"13992161280";"252736155648";"SK hynix SC210 mSATA 256GB:256052966400:0.7:SSD:boot disk:ok";"";"SSD";"2022-05-13T17:23:55";"Mercer";"Dell Latitude E7250";"engine-12"
"THBANEL8VX5RT2";"Mercer - Bangkok (TH) - Laptop";"11142311936";"252736155648";"Toshiba KBG40ZNS256G NVMe TOSHIBA 256GB:256052966400:NULL:SSD:boot disk:ok";"Toshiba";"SSD";"2022-05-13T17:40:20";"Mercer";"Dell Latitude 5300";"engine-12"
"PHMNLEL6YD00Z2";"Mercer - Manila (PH) - Laptop";"10590679040";"252736155648";"Micron 1300 SATA 256GB:256052966400:0.8:SSD:boot disk:ok";"Micron";"SSD";"2022-05-13T21:52:04";"Mercer";"Dell Latitude 5290";"engine-12"
"SGSGPELCBCB0N2";"Mercer - Singapore (SG) - Laptop";"18774159360";"254169468928";"Micron 1100 SCSI Disk Device:256052966400:0.8:SSD:boot disk:ok,Mass Storage Device USB Device:0:NULL:ok";"Micron";"SSD";"2022-05-13T17:55:26";"Mercer";"Dell Latitude 7280";"engine-12"
"MYKLUEL5LCMGC2";"Mercer - Kuala Lumpur (MY) - Laptop";"22017556480";"246800166912";"Samsung Samsung SSD 860 EVO M.2 250GB:250056737280:0.9:SSD:boot disk:ok";"Samsung";"SSD";"2022-05-09T20:53:22";"Mercer";"Dell Latitude E7470";"engine-12"
"SGSGPELD1RCRQ2";"Mercer - Singapore (SG) - Laptop";"23961427968";"254169042944";"SAMSUNG SSD SCSI Disk Device:256052966400:0.8:SSD:boot disk:ok";"Samsung";"SSD";"2022-05-13T19:48:32";"Mercer";"Dell Latitude 7280";"engine-12"
"MYKLUEL87RZMV2";"Mercer - Kuala Lumpur (MY) - Laptop";"11438891008";"252736155648";"TOSHIBA KSG60ZMV256G M.2 2280 256GB:256052966400:0.9:SSD:boot disk:ok";"Toshiba";"SSD";"2022-05-14T03:58:26";"Mercer";"Dell Latitude 5490";"engine-12"
"SGSGPEL8RLH7Y2";"Mercer - Singapore (SG) - Laptop";"22046285824";"252736155648";"LITEON CV8-8E256-11 SATA 256GB:256052966400:0.9:SSD:boot disk:ok";"";"SSD";"2022-05-13T20:19:59";"Mercer";"Dell Latitude 7290";"engine-12"
"MYKLUELJTHBRF2";"Mercer - Kuala Lumpur (MY) - Laptop";"25048199168";"255048314880";"Intel INTEL SSDSCKKF256H6 SATA 256GB:256052966400:0.7:SSD:boot disk:ok";"Intel";"SSD";"2022-05-13T17:35:38";"Mercer";"Dell Latitude E7470";"engine-12"
"SGSGPEL773J3Z2";"Mercer - Singapore (SG) - Laptop";"14829613056";"252736155648";"Samsung PM981a NVMe Samsung 256GB:256052966400:NULL:SSD:boot disk:ok";"Samsung";"SSD";"2022-05-11T17:04:41";"Mercer";"Dell Latitude 7300";"engine-12"
"SGSGPELD045QT2";"Mercer - Singapore (SG) - Laptop";"3163086848";"252736155648";"Toshiba KBG40ZNS256G NVMe TOSHIBA 256GB:256052966400:NULL:SSD:boot disk:ok";"Toshiba";"SSD";"2022-05-13T16:54:05";"Mercer";"Dell Latitude 5300";"engine-12"
"MYKLUELDGP9ZW2";"Mercer - Kuala Lumpur (MY) - Laptop";"14496387072";"252736155648";"SK hynix SC401 SATA 256GB:256052966400:0.9:SSD:boot disk:ok";"";"SSD";"2022-05-13T22:00:47";"Mercer";"Dell Latitude 5490";"engine-12"
"IDJAKELBXFWVZ2";"Mercer - Jakarta (ID) - Laptop";"12671111168";"252736155648";"Western Digital PC SN520 NVMe WDC 256GB:256052966400:NULL:SSD:boot disk:ok";"Western Digital";"SSD";"2022-05-13T20:16:01";"Mercer";"Dell Latitude 5300";"engine-12"
"PHMNLELH2F00Z2";"Mercer - Manila (PH) - Laptop";"22895767552";"252736155648";"Micron 1300 SATA 256GB:256052966400:0.9:SSD:boot disk:ok";"Micron";"SSD";"2022-05-13T16:08:16";"Mercer";"Dell Latitude 5290";"engine-12"
"SGSGPEL40PRFW2";"Mercer - Singapore (SG) - Laptop";"25953001472";"252736155648";"BC501 NVMe SK hynix 256GB:256052966400:NULL:SSD:boot disk:ok";"";"SSD";"2022-05-12T10:17:46";"Mercer";"Dell Latitude 5300";"engine-12"
"PHMNLELJ41VN93";"Mercer - Manila (PH) - Laptop";"17822253056";"252736155648";"KBG40ZNS256G NVMe KIOXIA 256GB:256052966400:NULL:SSD:boot disk:ok";"";"SSD";"2022-05-13T17:22:58";"Mercer";"Dell Latitude 5310";"engine-12"
"PHCEBEL151VN93";"Mercer - Cebu (PH) - Laptop";"10161758208";"252736155648";"KBG40ZNS256G NVMe KIOXIA 256GB:256052966400:NULL:SSD:boot disk:ok";"";"SSD";"2022-05-13T17:18:28";"Mercer";"Dell Latitude 5310";"engine-12"
"PHMNLEL1DHZZY2";"Mercer - Manila (PH) - Laptop";"215076864";"252736155648";"Micron 1300 SATA 256GB:256052966400:0.8:SSD:boot disk:ok";"Micron";"SSD";"2022-05-13T13:57:39";"Mercer";"Dell Latitude 5290";"engine-12"
"PHMNLEL48DYZY2";"Mercer - Manila (PH) - Laptop";"21440397312";"252736155648";"Micron 1300 SATA 256GB:256052966400:0.9:SSD:boot disk:ok";"Micron";"SSD";"2022-05-13T07:23:02";"Mercer";"Dell Latitude 5290";"engine-12"
"PHMNLEL8FLKRQ2";"Mercer - Manila (PH) - Laptop";"15305670656";"252736155648";"TOSHIBA KSG60ZMV256G M.2 2280 256GB:256052966400:0.9:SSD:boot disk:ok";"Toshiba";"SSD";"2022-05-13T20:56:27";"Mercer";"Dell Latitude 7480";"engine-12"
"MYKLUEL9X8W9H2";"Mercer - Kuala Lumpur (MY) - Laptop";"18640814080";"252736155648";"Micron 1100 SATA 256GB:256052966400:0.7:SSD:boot disk:ok";"Micron";"SSD";"2022-05-13T17:50:38";"Mercer";"Dell Latitude 7480";"engine-12"
"PHMNLELDCL5NH2";"Mercer - Manila (PH) - Laptop";"15908909056";"254170071040";"Micron 1100 SCSI Disk Device:256052966400:0.7:SSD:boot disk:ok";"Micron";"SSD";"2022-05-13T21:37:30";"Mercer";"Dell Latitude 7480";"engine-12"
"PHMNLELGS69RV2";"Mercer - Manila (PH) - Laptop";"19963691008";"252736155648";"SK hynix SC401 SATA 256GB:256052966400:0.8:SSD:boot disk:ok";"";"SSD";"2022-05-13T21:35:25";"Mercer";"Dell Latitude 5290";"engine-12"
"PHMNLELH2PZZY2";"Mercer - Manila (PH) - Laptop";"14623363072";"252736155648";"Micron 1300 SATA 256GB:256052966400:0.9:SSD:boot disk:ok";"Micron";"SSD";"2022-05-13T21:20:40";"Mercer";"Dell Latitude 5290";"engine-12"
"PHMNLELJWVZZY2";"Mercer - Manila (PH) - Laptop";"25194893312";"252736155648";"Micron 1300 SATA 256GB:256052966400:0.9:SSD:boot disk:ok";"Micron";"SSD";"2022-05-13T19:11:11";"Mercer";"Dell Latitude 5290";"engine-12"
"PHMNLMD3JRH862";"Marsh - Manila (PH) - Desktop";"10396147712";"249561223168";"Samsung Samsung SSD 860 EVO 250GB:250056737280:1:SSD:boot disk:ok";"Samsung";"SSD";"2022-05-14T07:55:35";"Marsh";"Unknown Model";"engine-3"
"PHMNLMD3HGJH62";"Marsh - Manila (PH) - Desktop";"14274523136";"249561223168";"Samsung Samsung SSD 860 EVO 250GB:250056737280:1:SSD:boot disk:ok";"Samsung";"SSD";"2022-05-12T05:38:23";"Marsh";"Unknown Model";"engine-3"
"PHMNLMD3CVFH62";"Marsh - Manila (PH) - Desktop";"15304581120";"249561227264";"Samsung Samsung SSD 860 EVO 250GB:250056737280:1:SSD:boot disk:ok";"Samsung";"SSD";"2022-05-12T14:56:19";"Marsh";"Unknown Model";"engine-3"
"SGSGPMLHZ7B1Z2";"Marsh - Singapore (SG) - Laptop";"15420375040";"401370755072";"Intel SSDPEKKF512G8 NVMe INTEL 512GB:512105932800:NULL:SSD:boot disk:ok";"Intel";"SSD";"2022-05-14T10:10:06";"Marsh";"Dell Latitude 7300";"engine-5"
"MYKLUML2TW5NT2";"Marsh - Kuala Lumpur (MY) - Laptop";"6930829312";"252736155648";"Western Digital PC SN520 NVMe WDC 256GB:256052966400:NULL:SSD:boot disk:ok";"Western Digital";"SSD";"2022-05-14T10:09:50";"Marsh";"Dell Latitude 5300";"engine-5"
"SGSGPMLDX9VTP2";"Marsh - Singapore (SG) - Laptop";"21869928448";"254169866240";"Micron 1100 SCSI Disk Device:256052966400:0.9:SSD:boot disk:ok";"Micron";"SSD";"2022-05-14T10:10:22";"Marsh";"Dell Latitude 7280";"engine-5"
"IDJAKML9WXQFH2";"Marsh - Jakarta (ID) - Laptop";"15906357248";"254172094464";"SK hynix SCSI Disk Device:256052966400:0.9:SSD:boot disk:ok";"";"SSD";"2022-05-14T10:10:06";"Marsh";"Dell Latitude 7280";"engine-5"
"IDJAKML93H9MT2";"Marsh - Jakarta (ID) - Laptop";"7904559104";"252736155648";"Toshiba KBG40ZNS256G NVMe TOSHIBA 256GB:256052966400:NULL:SSD:boot disk:ok";"Toshiba";"SSD";"2022-05-14T10:10:04";"Marsh";"Dell Latitude 5300";"engine-5"
"PHMNLML9GPK0N2";"Marsh - Manila (PH) - Laptop";"22611382272";"254171590656";"Micron 1100 SCSI Disk Device:256052966400:0.8:SSD:boot disk:ok";"Micron";"SSD";"2022-05-14T10:10:22";"Marsh";"Dell Latitude 7480";"engine-5"
"MYKLUMLCXV5NT2";"Marsh - Kuala Lumpur (MY) - Laptop";"18138132480";"252736155648";"Western Digital PC SN520 NVMe WDC 256GB:256052966400:NULL:SSD:boot disk:ok";"Western Digital";"SSD";"2022-05-14T10:10:06";"Marsh";"Dell Latitude 5300";"engine-5"
"THBANML3JGQFC2";"Marsh - Bangkok (TH) - Laptop";"14946054144";"255044083712";"Intel INTEL SSDSCKGF256A5 SATA 256GB:256052966400:0.8:SSD:boot disk:ok";"Intel";"SSD";"2022-05-14T10:10:22";"Marsh";"Dell Latitude E7270";"engine-5"
"MYKLUML6JM5QC2";"Marsh - Kuala Lumpur (MY) - Laptop";"14018977792";"254839091200";"TOSHIBA KSG60ZMV256G M.2 2280 256GB:256052966400:0.8:SSD:boot disk:ok";"Toshiba";"SSD";"2022-05-14T10:09:50";"Marsh";"Dell Latitude E7470";"engine-5"
"IDJAKMLFS20LW2";"Marsh - Jakarta (ID) - Laptop";"22443106304";"252736155648";"Western Digital PC SN520 NVMe WDC 256GB:256052966400:NULL:SSD:boot disk:ok";"Western Digital";"SSD";"2022-05-14T10:09:07";"Marsh";"Dell Latitude 5300";"engine-5"
"SGSGPML8DDHNV2";"Marsh - Singapore (SG) - Laptop";"7832498176";"252736155648";"SK hynix SC401 SATA 256GB:256052966400:1:SSD:boot disk:ok";"";"SSD";"2022-05-14T10:10:22";"Marsh";"Dell Latitude 7280";"engine-5"
"IDJAKMLDR20LW2";"Marsh - Jakarta (ID) - Laptop";"19509272576";"252736155648";"Western Digital PC SN520 NVMe WDC 256GB:256052966400:NULL:SSD:boot disk:ok";"Western Digital";"SSD";"2022-05-14T10:10:22";"Marsh";"Dell Latitude 5300";"engine-5"
"PHMNLMLJBHZZY2";"Marsh - Manila (PH) - Laptop";"11900813312";"252736155648";"Micron 1300 SATA 256GB:256052966400:1:SSD:boot disk:ok";"Micron";"SSD";"2022-05-14T10:09:53";"Marsh";"Dell Latitude 5290";"engine-5"
"SGSGPML4SY7RT2";"Marsh - Singapore (SG) - Laptop";"16456511488";"252736155648";"BC511 NVMe SK hynix 256GB:256052966400:NULL:SSD:boot disk:ok";"";"SSD";"2022-05-14T10:09:32";"Marsh";"Dell Latitude 5300";"engine-5"
"PHMNLMLDQTXZY2";"Marsh - Manila (PH) - Laptop";"26286268416";"252736155648";"Micron 1300 SATA 256GB:256052966400:0.9:SSD:boot disk:ok";"Micron";"SSD";"2022-05-14T10:10:06";"Marsh";"Dell Latitude 5290";"engine-5"
"MYKLUML94LXGC2";"Marsh - Kuala Lumpur (MY) - Laptop";"17588776960";"255044538368";"SK hynix SC308 SATA 256GB:256052966400:0.7:SSD:boot disk:predicted_to_fail";"";"SSD";"2022-05-14T10:09:50";"Marsh";"Dell Latitude E7470";"engine-5"
"PHMNLMLBSY9RV2";"Marsh - Manila (PH) - Laptop";"18319986688";"252736155648";"SK hynix SC401 SATA 256GB:256052966400:1:SSD:boot disk:ok";"";"SSD";"2022-05-14T10:09:50";"Marsh";"Dell Latitude 5290";"engine-5"
"IDJAKML221RNQ2";"Marsh - Jakarta (ID) - Laptop";"15678402560";"254171459584";"Micron 1100 SCSI Disk Device:256052966400:0.7:SSD:boot disk:ok";"Micron";"SSD";"2022-05-14T10:10:22";"Marsh";"Dell Latitude 7280";"engine-5"
"IDJAKMLD1H9MT2";"Marsh - Jakarta (ID) - Laptop";"21302255616";"252736155648";"Toshiba KBG40ZNS256G NVMe TOSHIBA 256GB:256052966400:NULL:SSD:boot disk:ok";"Toshiba";"SSD";"2022-05-14T10:10:22";"Marsh";"Dell Latitude 5300";"engine-5"
"MYKLUMLBYV5NT2";"Marsh - Kuala Lumpur (MY) - Laptop";"26231205888";"252736155648";"Western Digital PC SN520 NVMe WDC 256GB:256052966400:NULL:SSD:boot disk:ok";"Western Digital";"SSD";"2022-05-14T10:10:22";"Marsh";"Dell Latitude 5300";"engine-5"
"VNHCMML4NP07Y2";"Marsh - Ho Chi Minh City (VN) - Laptop";"15990046720";"252736155648";"SAMSUNG SSD PM871b M.2 2280 256GB:256052966400:0.9:SSD:boot disk:ok";"Samsung";"SSD";"2022-05-14T10:10:05";"Marsh";"Dell Latitude 5290";"engine-5"
"SGSGPMLB1Z7RT2";"Marsh - Singapore (SG) - Laptop";"18791006208";"252736155648";"BC511 NVMe SK hynix 256GB:256052966400:NULL:SSD:boot disk:ok";"";"SSD";"2022-05-14T10:10:22";"Marsh";"Dell Latitude 5300";"engine-5"
"SGSGPMLF8LLXT2";"Marsh - Singapore (SG) - Laptop";"16943886336";"252736155648";"Micron 1100 SATA 256GB:256052966400:0.9:SSD:boot disk:ok";"Micron";"SSD";"2022-05-13T17:50:40";"Marsh";"Dell Latitude 7280";"engine-5"
"PHMNLML3V9P0X2";"Marsh - Manila (PH) - Laptop";"3425406976";"252736155648";"Kingston DataTraveler 3.0:7863367680:NULL:ok,SK hynix SC401 SATA 256GB:256052966400:0.9:SSD:boot disk:ok";"Kingston";"SSD";"2022-05-13T09:42:59";"Marsh";"Dell Latitude 5290";"engine-5"
"SGSGPML9FGRPF2";"Marsh - Singapore (SG) - Laptop";"12941758464";"255049236480";"Intel INTEL SSDSCKKF256H6 SATA 256GB:256052966400:0.5:SSD:boot disk:ok,Canon TS8200 series USB Device:0:NULL:ok";"Intel";"SSD";"2022-05-14T04:14:09";"Marsh";"Dell Latitude E7270";"engine-5"
"SGSGPMLF7BGNV2";"Marsh - Singapore (SG) - Laptop";"11230834688";"252736155648";"SK hynix SC401 SATA 256GB:256052966400:1:SSD:boot disk:ok,SanDisk Ultra Fit:250443325440:NULL:ok";"SanDisk";"SSD";"2022-05-13T16:11:20";"Marsh";"Dell Latitude 7280";"engine-5"
"MYKLUMLCP49763";"Marsh - Kuala Lumpur (MY) - Laptop";"16154259456";"252736155648";"KBG40ZNS256G NVMe KIOXIA 256GB:256052966400:NULL:SSD:boot disk:ok";"";"SSD";"2022-05-13T17:03:47";"Marsh";"Dell Latitude 5310";"engine-5"
"SGSGPMLCGSTTP2";"Marsh - Singapore (SG) - Laptop";"17461665792";"252736155648";"Micron 1100 SATA 256GB:256052966400:0.9:SSD:boot disk:ok";"Micron";"SSD";"2022-05-13T17:12:18";"Marsh";"Dell Latitude 7280";"engine-5"
"SGSGPMLHXK4MQ2";"Marsh - Singapore (SG) - Laptop";"23059140608";"254172033024";"TOSHIBA KSG60ZMV256G SCSI Disk Device:256052966400:0.9:SSD:boot disk:ok";"Toshiba";"SSD";"2022-05-13T15:54:57";"Marsh";"Dell Latitude 7280";"engine-5"
"SGSGPML5GGM7Y2";"Marsh - Singapore (SG) - Laptop";"22899052544";"252736155648";"LITEON CV8-8E256-11 SATA 256GB:256052966400:0.9:SSD:boot disk:ok";"";"SSD";"2022-05-14T09:14:12";"Marsh";"Dell Latitude 7290";"engine-5"
"PHMNLMLBYYP1N2";"Marsh - Manila (PH) - Laptop";"5584760832";"253201260544";"SK hynix SCSI Disk Device:256052966400:0.8:SSD:boot disk:ok";"";"SSD";"2022-05-13T18:49:28";"Marsh";"Dell Latitude 7480";"engine-5"
"PHMNLMLCNYNNV2";"Marsh - Manila (PH) - Laptop";"5124919296";"252736155648";"SK hynix SC311 SATA 256GB:256052966400:0.7:SSD:boot disk:ok";"";"SSD";"2022-05-13T21:47:35";"Marsh";"Dell Latitude 5490";"engine-5"
"IDJAKMLG3H9MT2";"Marsh - Jakarta (ID) - Laptop";"15570132992";"252736155648";"Toshiba KBG40ZNS256G NVMe TOSHIBA 256GB:256052966400:NULL:SSD:boot disk:ok";"Toshiba";"SSD";"2022-05-12T05:23:50";"Marsh";"Dell Latitude 5300";"engine-5"
"IDJAKMLG90W2H2";"Marsh - Jakarta (ID) - Laptop";"12751015936";"254845124608";"Micron 1100 SATA 256GB:256052966400:0.6:SSD:boot disk:ok";"Micron";"SSD";"2022-05-14T01:17:24";"Marsh";"Dell Latitude E7270";"engine-5"
"IDJAKML4XXQFH2";"Marsh - Jakarta (ID) - Laptop";"20598218752";"255088558080";"SK hynix SCSI Disk Device:256052966400:0.7:SSD:boot disk:ok";"";"SSD";"2022-05-14T00:44:10";"Marsh";"Dell Latitude 7280";"engine-5"
"IDJAKML5SYB5H2";"Marsh - Jakarta (ID) - Laptop";"21372231680";"255050268672";"SanDisk X400 M.2 2280 256GB:256052966400:0.8:SSD:boot disk:ok";"";"SSD";"2022-05-14T09:22:07";"Marsh";"Dell Latitude E7270";"engine-5"
"MYKLUML3SW5NT2";"Marsh - Kuala Lumpur (MY) - Laptop";"23036182528";"252736155648";"Western Digital PC SN520 NVMe WDC 256GB:256052966400:NULL:SSD:boot disk:ok";"Western Digital";"SSD";"2022-05-13T13:52:32";"Marsh";"Dell Latitude 5300";"engine-5"
"MYKLUMLJL26NH2";"Marsh - Kuala Lumpur (MY) - Laptop";"20336107520";"253204520960";"Micron 1100 SCSI Disk Device:256052966400:0.8:SSD:boot disk:ok";"Micron";"SSD";"2022-05-14T01:24:40";"Marsh";"Dell Latitude 7480";"engine-5"
"PHMNLML11F00Z2";"Marsh - Manila (PH) - Laptop";"11585953792";"252736155648";"Micron 1300 SATA 256GB:256052966400:0.8:SSD:boot disk:ok";"Micron";"SSD";"2022-05-13T16:20:49";"Marsh";"Dell Latitude 5290";"engine-5"
"IDJAKMLHF8D6Y2";"Marsh - Jakarta (ID) - Laptop";"10731466752";"252736155648";"SAMSUNG SSD PM871b M.2 2280 256GB:256052966400:0.8:SSD:boot disk:ok";"Samsung";"SSD";"2022-05-13T18:13:09";"Marsh";"Unknown Model";"engine-5"
"PHMNLMLHC4H0N2";"Marsh - Manila (PH) - Laptop";"11989393408";"252736155648";"Micron 1100 SATA 256GB:256052966400:0.8:SSD:boot disk:ok";"Micron";"SSD";"2022-05-13T22:38:00";"Marsh";"Dell Latitude 7480";"engine-5"
"VNHCMMLJH42PN2";"Marsh - Ho Chi Minh City (VN) - Laptop";"15910924288";"255086968832";"SK hynix SCSI Disk Device:256052966400:0.8:SSD:boot disk:ok";"";"SSD";"2022-05-13T18:00:08";"Marsh";"Dell Latitude 7280";"engine-5"
"IDJAKMLDYDXPT2";"Marsh - Jakarta (ID) - Laptop";"13401739264";"252736155648";"Western Digital PC SN520 NVMe WDC 256GB:256052966400:NULL:SSD:boot disk:ok";"Western Digital";"SSD";"2022-05-13T15:08:55";"Marsh";"Dell Latitude 5300";"engine-5"
"THBANMLDD2JMT2";"Marsh - Bangkok (TH) - Laptop";"16946593792";"252736155648";"Western Digital PC SN520 NVMe WDC 256GB:256052966400:NULL:SSD:boot disk:ok";"Western Digital";"SSD";"2022-05-13T19:46:09";"Marsh";"Dell Latitude 5300";"engine-5"
"SGSGPMLH90N7Y2";"Marsh - Singapore (SG) - Laptop";"25810034688";"252736155648";"LITEON CV8-8E256-11 SATA 256GB:256052966400:0.8:SSD:boot disk:ok";"";"SSD";"2022-05-13T21:51:00";"Marsh";"Dell Latitude 7290";"engine-5"
"MYKLUML472K0X2";"Marsh - Kuala Lumpur (MY) - Laptop";"21645586432";"252736155648";"SanDisk X600 M.2 2280 SATA 256GB SED:256052966400:0.8:SSD:boot disk:ok";"";"SSD";"2022-05-13T16:44:15";"Marsh";"Unknown Model";"engine-5"
"MYKLUMLHF16NT2";"Marsh - Kuala Lumpur (MY) - Laptop";"20581646336";"252736155648";"Western Digital PC SN520 NVMe WDC 256GB:256052966400:NULL:SSD:boot disk:ok";"Western Digital";"SSD";"2022-05-13T17:04:07";"Marsh";"Dell Latitude 5300";"engine-5"
"THBANMLC9WQ1N2";"Marsh - Bangkok (TH) - Laptop";"23796035584";"254171869184";"SK hynix SCSI Disk Device:256052966400:0.8:SSD:boot disk:ok";"";"SSD";"2022-05-13T21:49:35";"Marsh";"Dell Latitude 7280";"engine-5"
"THBANML4H2JMT2";"Marsh - Bangkok (TH) - Laptop";"17240690688";"252736155648";"Western Digital PC SN520 NVMe WDC 256GB:256052966400:NULL:SSD:boot disk:ok";"Western Digital";"SSD";"2022-05-13T16:31:24";"Marsh";"Dell Latitude 5300";"engine-5"
"IDJAKMLJLQBVT2";"Marsh - Jakarta (ID) - Laptop";"17402597376";"252736155648";"SAMSUNG SSD PM871b M.2 2280 256GB:256052966400:0.8:SSD:boot disk:ok";"Samsung";"SSD";"2022-05-13T21:45:05";"Marsh";"Unknown Model";"engine-5"
"VNHCMMLCQRK6Y2";"Marsh - Ho Chi Minh City (VN) - Laptop";"11571924992";"252736155648";"SAMSUNG SSD PM871b M.2 2280 256GB:256052966400:0.9:SSD:boot disk:ok";"Samsung";"SSD";"2022-05-13T20:00:04";"Marsh";"Dell Latitude 5290";"engine-5"
"SGSGPMLH38MNH2";"Marsh - Singapore (SG) - Laptop";"18288230400";"254169251840";"SK hynix SCSI Disk Device:256052966400:0.8:SSD:boot disk:ok";"";"SSD";"2022-05-13T15:49:40";"Marsh";"Dell Latitude 7280";"engine-5"
"THBANML7JHLL72";"Marsh - Bangkok (TH) - Laptop";"15649939456";"254915637248";"SK hynix SC210 mSATA 256GB:256052966400:0.7:SSD:boot disk:ok";"";"SSD";"2022-05-13T21:04:35";"Marsh";"Dell Latitude E7250";"engine-5"
"SGSGPML748Z2Z2";"Marsh - Singapore (SG) - Laptop";"25530286080";"252736155648";"Samsung PM981 NVMe Samsung 256GB:256052966400:NULL:SSD:boot disk:ok";"Samsung";"SSD";"2022-05-12T14:48:29";"Marsh";"Dell Latitude 7300";"engine-5"
"MYKLUML9F18MQ2";"Marsh - Kuala Lumpur (MY) - Laptop";"14123044864";"254172123136";"Intel INTEL SSDSCKKF256G8 SATA 256GB:256052966400:0.8:SSD:boot disk:ok";"Intel";"SSD";"2022-05-13T11:51:52";"Marsh";"Dell Latitude 7480";"engine-5"
"MYKLUML5L1XGC2";"Marsh - Kuala Lumpur (MY) - Laptop";"8022372352";"255050207232";"Intel INTEL SSDSCKGF256A5 SATA 256GB:256052966400:0.7:SSD:boot disk:ok";"Intel";"SSD";"2022-05-13T16:47:24";"Marsh";"Dell Latitude E7270";"engine-5"
"MYKLUMLDKN5NT2";"Marsh - Kuala Lumpur (MY) - Laptop";"5030625280";"252736155648";"Western Digital PC SN520 NVMe WDC 256GB:256052966400:NULL:SSD:boot disk:ok";"Western Digital";"SSD";"2022-05-13T22:44:27";"Marsh";"Dell Latitude 5300";"engine-5"
"THBANMLHF2JMT2";"Marsh - Bangkok (TH) - Laptop";"12548116480";"252736155648";"Western Digital PC SN520 NVMe WDC 256GB:256052966400:NULL:SSD:boot disk:ok";"Western Digital";"SSD";"2022-05-13T23:02:42";"Marsh";"Dell Latitude 5300";"engine-5"
"PHMNLMLH5SP1N2";"Marsh - Manila (PH) - Laptop";"12016418816";"252736155648";"SK hynix SC311 SATA 256GB:256052966400:0.8:SSD:boot disk:ok";"";"SSD";"2022-05-14T06:56:36";"Marsh";"Dell Latitude 7480";"engine-5"
"MYKLUMLGG16NT2";"Marsh - Kuala Lumpur (MY) - Laptop";"24911880192";"252736155648";"Western Digital PC SN520 NVMe WDC 256GB:256052966400:NULL:SSD:boot disk:ok";"Western Digital";"SSD";"2022-05-13T18:28:52";"Marsh";"Dell Latitude 5300";"engine-5"
"MYKLUML3TQVQC2";"Marsh - Kuala Lumpur (MY) - Laptop";"23914676224";"255050989568";"Intel INTEL SSDSCKKF256H6 SATA 256GB:256052966400:0.4:SSD:boot disk:ok";"Intel";"SSD";"2022-05-13T15:58:41";"Marsh";"Dell Latitude E7470";"engine-5"
"SGSGPMLFQ3GQN2";"Marsh - Singapore (SG) - Laptop";"11307966464";"254170947584";"TOSHIBA KSG60ZMV256G SCSI Disk Device:256052966400:0.8:SSD:boot disk:ok";"Toshiba";"SSD";"2022-05-13T10:43:18";"Marsh";"Dell Latitude 7280";"engine-5"
"VNHCMMLGTRK6Y2";"Marsh - Ho Chi Minh City (VN) - Laptop";"12178509824";"252736155648";"SAMSUNG SSD PM871b M.2 2280 256GB:256052966400:0.8:SSD:boot disk:ok";"Samsung";"SSD";"2022-05-13T17:43:40";"Marsh";"Dell Latitude 5290";"engine-5"
"IDJAKMLB82HMT2";"Marsh - Jakarta (ID) - Laptop";"15321677824";"252736155648";"Toshiba KBG40ZNS256G NVMe TOSHIBA 256GB:256052966400:NULL:SSD:boot disk:ok";"Toshiba";"SSD";"2022-05-13T15:45:12";"Marsh";"Dell Latitude 5300";"engine-5"
"IDJAKML982HMT2";"Marsh - Jakarta (ID) - Laptop";"17613869056";"252736155648";"Toshiba KBG40ZNS256G NVMe TOSHIBA 256GB:256052966400:NULL:SSD:boot disk:ok";"Toshiba";"SSD";"2022-05-13T21:20:00";"Marsh";"Dell Latitude 5300";"engine-5"
"MYKLUMLHH1XGC2";"Marsh - Kuala Lumpur (MY) - Laptop";"18828460032";"255050399744";"Intel INTEL SSDSCKGF256A5 SATA 256GB:256052966400:0.8:SSD:boot disk:ok";"Intel";"SSD";"2022-05-13T22:34:11";"Marsh";"Dell Latitude E7270";"engine-5"
"SGSGPML3XTM7Y2";"Marsh - Singapore (SG) - Laptop";"20323565568";"252736155648";"LITEON CV8-8E256-11 SATA 256GB:256052966400:0.9:SSD:boot disk:ok";"";"SSD";"2022-05-13T18:13:07";"Marsh";"Dell Latitude 7290";"engine-5"
"IDJAKML4BSB5H2";"Marsh - Jakarta (ID) - Laptop";"10888019968";"255374094336";"SanDisk X400 M.2 2280 256GB:256052966400:0.7:SSD:boot disk:ok";"";"SSD";"2022-05-14T00:14:43";"Marsh";"Dell Latitude E7270";"engine-5"
"SGSGPMLJLCCTN2";"Marsh - Singapore (SG) - Laptop";"24479776768";"252736155648";"Micron 1100 SATA 256GB:256052966400:0.8:SSD:boot disk:ok";"Micron";"SSD";"2022-05-14T01:47:44";"Marsh";"Dell Latitude 7280";"engine-5"
"IDJAKML8YGG6Y2";"Marsh - Jakarta (ID) - Laptop";"16341929984";"252736155648";"SAMSUNG SSD PM871b M.2 2280 256GB:256052966400:0.8:SSD:boot disk:ok";"Samsung";"SSD";"2022-05-13T19:19:04";"Marsh";"Unknown Model";"engine-5"
"MYKLUMLBP49763";"Marsh - Kuala Lumpur (MY) - Laptop";"20801159168";"252736155648";"KBG40ZNS256G NVMe KIOXIA 256GB:256052966400:NULL:SSD:boot disk:ok";"";"SSD";"2022-05-13T21:09:01";"Marsh";"Dell Latitude 5310";"engine-5"
"THBANML61FLMC2";"Marsh - Bangkok (TH) - Laptop";"18695708672";"252736155648";"SanDisk X400 M.2 2280 256GB:256052966400:0.8:SSD:boot disk:ok";"";"SSD";"2022-05-13T17:50:21";"Marsh";"Dell Latitude E7270";"engine-5"
"IDJAKMLD82HMT2";"Marsh - Jakarta (ID) - Laptop";"22096990208";"252736155648";"Toshiba KBG40ZNS256G NVMe TOSHIBA 256GB:256052966400:NULL:SSD:boot disk:ok";"Toshiba";"SSD";"2022-05-13T17:35:11";"Marsh";"Dell Latitude 5300";"engine-5"
"SGSGPML58KXMV2";"Marsh - Singapore (SG) - Laptop";"17348198400";"252736155648";"SK hynix SC401 SATA 256GB:256052966400:0.9:SSD:boot disk:ok";"";"SSD";"2022-05-13T20:43:02";"Marsh";"Dell Latitude 7280";"engine-5"
"MYKLUMLJ8YTN93";"Marsh - Kuala Lumpur (MY) - Laptop";"25950498816";"252736155648";"KBG40ZNS256G NVMe KIOXIA 256GB:256052966400:NULL:SSD:boot disk:ok";"";"SSD";"2022-05-13T21:20:58";"Marsh";"Dell Latitude 5310";"engine-5"
"THBANML5F2JMT2";"Marsh - Bangkok (TH) - Laptop";"26238377984";"252736155648";"Western Digital PC SN520 NVMe WDC 256GB:256052966400:NULL:SSD:boot disk:ok";"Western Digital";"SSD";"2022-05-13T20:27:06";"Marsh";"Dell Latitude 5300";"engine-5"
"MYKLUML6LN5NT2";"Marsh - Kuala Lumpur (MY) - Laptop";"26593550336";"252736155648";"Western Digital PC SN520 NVMe WDC 256GB:256052966400:NULL:SSD:boot disk:ok";"Western Digital";"SSD";"2022-05-13T15:03:16";"Marsh";"Dell Latitude 5300";"engine-5"
"IDJAKMLG5SB5H2";"Marsh - Jakarta (ID) - Laptop";"18139385856";"255044403200";"SanDisk X400 M.2 2280 256GB:256052966400:0.8:SSD:boot disk:ok";"";"SSD";"2022-05-13T16:12:54";"Marsh";"Dell Latitude E7270";"engine-5"
"MYKLUMLDYV5NT2";"Marsh - Kuala Lumpur (MY) - Laptop";"12154445824";"252736155648";"Western Digital PC SN520 NVMe WDC 256GB:256052966400:NULL:SSD:boot disk:ok";"Western Digital";"SSD";"2022-05-14T09:37:14";"Marsh";"Dell Latitude 5300";"engine-5"
"SGSGPML54R7SN2";"Marsh - Singapore (SG) - Laptop";"23358980096";"254170058752";"SAMSUNG SSD SCSI Disk Device:256052966400:0.9:SSD:boot disk:ok";"Samsung";"SSD";"2022-05-13T10:42:20";"Marsh";"Dell Latitude 7280";"engine-5"
"MYKLUML77N5NT2";"Marsh - Kuala Lumpur (MY) - Laptop";"22496481280";"252736155648";"Western Digital PC SN520 NVMe WDC 256GB:256052966400:NULL:SSD:boot disk:ok";"Western Digital";"SSD";"2022-05-13T22:25:18";"Marsh";"Dell Latitude 5300";"engine-5"
"MYKLUML1SW5NT2";"Marsh - Kuala Lumpur (MY) - Laptop";"6497026048";"252736155648";"Western Digital PC SN520 NVMe WDC 256GB:256052966400:NULL:SSD:boot disk:ok";"Western Digital";"SSD";"2022-05-13T20:33:50";"Marsh";"Dell Latitude 5300";"engine-5"
"SGSGPML4R3GQN2";"Marsh - Singapore (SG) - Laptop";"4980580352";"254169985024";"TOSHIBA KSG60ZMV256G SCSI Disk Device:256052966400:0.8:SSD:boot disk:ok";"Toshiba";"SSD";"2022-05-13T16:59:03";"Marsh";"Dell Latitude 7280";"engine-5"
"MYKLUMLD8QXNQ2";"Marsh - Kuala Lumpur (MY) - Laptop";"19003338752";"246800166912";"Samsung Samsung SSD 970 EVO 250GB:250056737280:NULL:SSD:boot disk:ok";"Samsung";"SSD";"2022-05-13T18:16:57";"Marsh";"Dell Latitude 7280";"engine-5"
"MYKLUML4XV5NT2";"Marsh - Kuala Lumpur (MY) - Laptop";"26212249600";"252736155648";"Western Digital PC SN520 NVMe WDC 256GB:256052966400:NULL:SSD:boot disk:ok";"Western Digital";"SSD";"2022-05-13T17:36:31";"Marsh";"Dell Latitude 5300";"engine-5"
"SGSGPML4RG9NN2";"Marsh - Singapore (SG) - Laptop";"9282359296";"254086057984";"SK hynix SCSI Disk Device:256052966400:0.8:SSD:boot disk:ok";"";"SSD";"2022-05-12T07:55:23";"Marsh";"Dell Latitude 7280";"engine-5"
"SGSGPML88KXMV2";"Marsh - Singapore (SG) - Laptop";"13045616640";"252736155648";"SK hynix SC401 SATA 256GB:256052966400:0.9:SSD:boot disk:ok";"";"SSD";"2022-05-12T21:39:58";"Marsh";"Dell Latitude 7280";"engine-5"
"IDJAKMLFR4X5Y2";"Marsh - Jakarta (ID) - Laptop";"12743843840";"252736155648";"Micron Micron 2200S NVMe 256GB:256052966400:NULL:SSD:boot disk:ok";"Micron";"SSD";"2022-05-14T08:48:51";"Marsh";"Dell Latitude 7300";"engine-5"
"MYKLUML75N5NT2";"Marsh - Kuala Lumpur (MY) - Laptop";"24598827008";"252736155648";"Western Digital PC SN520 NVMe WDC 256GB:256052966400:NULL:SSD:boot disk:ok";"Western Digital";"SSD";"2022-05-13T17:02:16";"Marsh";"Dell Latitude 5300";"engine-5"
"MYKLUMLFKN5NT2";"Marsh - Kuala Lumpur (MY) - Laptop";"21617483776";"252736155648";"Western Digital PC SN520 NVMe WDC 256GB:256052966400:NULL:SSD:boot disk:ok";"Western Digital";"SSD";"2022-05-13T15:25:11";"Marsh";"Dell Latitude 5300";"engine-5"
"THBANML2JQDRC2";"Marsh - Bangkok (TH) - Laptop";"16987127808";"255050002432";"SanDisk X400 M.2 2280 256GB:256052966400:0.8:SSD:boot disk:ok";"";"SSD";"2022-05-13T20:36:48";"Marsh";"Dell Latitude E7270";"engine-5"
"SGSGPMLGPMGNV2";"Marsh - Singapore (SG) - Laptop";"19869454336";"252736155648";"SK hynix SC401 SATA 256GB:256052966400:0.9:SSD:boot disk:ok";"";"SSD";"2022-05-13T17:18:16";"Marsh";"Dell Latitude 7280";"engine-5"
"IDJAKML9LT57Y2";"Marsh - Jakarta (ID) - Laptop";"15944986624";"252736155648";"TOSHIBA KSG60ZMV256G M.2 2280 256GB:256052966400:0.9:SSD:boot disk:ok";"Toshiba";"SSD";"2022-05-13T21:23:06";"Marsh";"Unknown Model";"engine-5"
"MYKLUML4GGCJW2";"Marsh - Kuala Lumpur (MY) - Laptop";"23129968640";"252736155648";"Western Digital PC SN520 NVMe WDC 256GB:256052966400:NULL:SSD:boot disk:ok";"Western Digital";"SSD";"2022-05-12T17:50:37";"Marsh";"Dell Latitude 5300";"engine-5"
"MYKLUML47N5NT2";"Marsh - Kuala Lumpur (MY) - Laptop";"21493600256";"252736155648";"Western Digital PC SN520 NVMe WDC 256GB:256052966400:NULL:SSD:boot disk:ok";"Western Digital";"SSD";"2022-05-11T15:32:14";"Marsh";"Dell Latitude 5300";"engine-5"
"MYKLUML7RW5NT2";"Marsh - Kuala Lumpur (MY) - Laptop";"26458648576";"252736155648";"Western Digital PC SN520 NVMe WDC 256GB:256052966400:0.9:SSD:boot disk:ok";"Western Digital";"SSD";"2022-05-13T23:03:54";"Marsh";"Dell Latitude 5300";"engine-5"
"THBANMLFTPQ1N2";"Marsh - Bangkok (TH) - Laptop";"15523901440";"254171295744";"SK hynix SCSI Disk Device:256052966400:0.8:SSD:boot disk:ok";"";"SSD";"2022-05-13T21:41:01";"Marsh";"Dell Latitude 7280";"engine-5"
"THBANMLD7RTJW2";"Marsh - Bangkok (TH) - Laptop";"13160062976";"252736155648";"BC511 NVMe SK hynix 256GB:256052966400:NULL:SSD:boot disk:ok";"";"SSD";"2022-05-13T17:44:07";"Marsh";"Dell Latitude 5300";"engine-5"
"IDJAKML282HMT2";"Marsh - Jakarta (ID) - Laptop";"26620538880";"252736155648";"Toshiba KBG40ZNS256G NVMe TOSHIBA 256GB:256052966400:NULL:SSD:boot disk:ok";"Toshiba";"SSD";"2022-05-13T16:57:49";"Marsh";"Dell Latitude 5300";"engine-5"
"MYKLUML6XV5NT2";"Marsh - Kuala Lumpur (MY) - Laptop";"1712427008";"252736155648";"Western Digital PC SN520 NVMe WDC 256GB:256052966400:NULL:SSD:boot disk:ok";"Western Digital";"SSD";"2022-05-13T16:12:47";"Marsh";"Dell Latitude 5300";"engine-5"
"MYKLUMLJ5N5NT2";"Marsh - Kuala Lumpur (MY) - Laptop";"10743533568";"252736155648";"Western Digital PC SN520 NVMe WDC 256GB:256052966400:NULL:SSD:boot disk:ok";"Western Digital";"SSD";"2022-05-13T17:38:54";"Marsh";"Dell Latitude 5300";"engine-5"
"MYKLUMLCGHF4Q2";"Marsh - Kuala Lumpur (MY) - Laptop";"18733076480";"246800166912";"Samsung Samsung SSD 860 EVO M.2 250GB:250056737280:0.9:SSD:boot disk:ok";"Samsung";"SSD";"2022-05-13T16:14:23";"Marsh";"Dell Latitude 7280";"engine-5"
"MYKLUML1JN5NT2";"Marsh - Kuala Lumpur (MY) - Laptop";"16912982016";"252736155648";"Western Digital PC SN520 NVMe WDC 256GB:256052966400:NULL:SSD:boot disk:ok";"Western Digital";"SSD";"2022-05-13T12:34:06";"Marsh";"Dell Latitude 5300";"engine-5"
"IDJAKML2T5TNQ2";"Marsh - Jakarta (ID) - Laptop";"23824322560";"255085457408";"Micron 1100 SCSI Disk Device:256052966400:0.8:SSD:boot disk:ok,Seagate One Touch w/PW:1000202273280:NULL:ok";"Micron,Seagate";"SSD";"2022-05-13T23:55:56";"Marsh";"Dell Latitude 7280";"engine-5"
"IDJAKML32H9MT2";"Marsh - Jakarta (ID) - Laptop";"16816910336";"252736155648";"Toshiba KBG40ZNS256G NVMe TOSHIBA 256GB:256052966400:NULL:SSD:boot disk:ok";"Toshiba";"SSD";"2022-05-13T22:06:19";"Marsh";"Dell Latitude 5300";"engine-5"
"IDJAKML7SXRNQ2";"Marsh - Jakarta (ID) - Laptop";"25650323456";"254171762688";"Micron 1100 SCSI Disk Device:256052966400:0.8:SSD:boot disk:ok";"Micron";"SSD";"2022-05-14T05:49:59";"Marsh";"Dell Latitude 7280";"engine-5"
"IDJAKML1XFD6Y2";"Marsh - Jakarta (ID) - Laptop";"25553117184";"252736155648";"SAMSUNG SSD PM871b M.2 2280 256GB:256052966400:0.9:SSD:boot disk:ok";"Samsung";"SSD";"2022-05-13T20:19:44";"Marsh";"Unknown Model";"engine-5"
"VNHNIML564L6Y2";"Marsh - Hanoi (VN) - Laptop";"17638383616";"252736155648";"SAMSUNG SSD PM871b M.2 2280 256GB:256052966400:0.9:SSD:boot disk:ok";"Samsung";"SSD";"2022-05-13T22:20:00";"Marsh";"Dell Latitude 5290";"engine-5"
"VNHCMML404L6Y2";"Marsh - Ho Chi Minh City (VN) - Laptop";"4613222400";"252736155648";"SAMSUNG SSD PM871b M.2 2280 256GB:256052966400:0.8:SSD:boot disk:ok";"Samsung";"SSD";"2022-05-13T23:44:56";"Marsh";"Dell Latitude 5290";"engine-5"
"IDJAKML4ZFD6Y2";"Marsh - Jakarta (ID) - Laptop";"22027882496";"252736155648";"SAMSUNG SSD PM871b M.2 2280 256GB:256052966400:0.9:SSD:boot disk:ok";"Samsung";"SSD";"2022-05-13T17:55:30";"Marsh";"Unknown Model";"engine-5"
"IDJAKML692HMT2";"Marsh - Jakarta (ID) - Laptop";"10548228096";"252736155648";"Toshiba KBG40ZNS256G NVMe TOSHIBA 256GB:256052966400:NULL:SSD:boot disk:ok";"Toshiba";"SSD";"2022-05-13T18:25:05";"Marsh";"Dell Latitude 5300";"engine-5"
"IDJAKML482HMT2";"Marsh - Jakarta (ID) - Laptop";"14594404352";"252736155648";"Toshiba KBG40ZNS256G NVMe TOSHIBA 256GB:256052966400:NULL:SSD:boot disk:ok";"Toshiba";"SSD";"2022-05-13T17:49:58";"Marsh";"Dell Latitude 5300";"engine-5"
"THBANML6P2JMT2";"Marsh - Bangkok (TH) - Laptop";"16724504576";"252736155648";"Western Digital PC SN520 NVMe WDC 256GB:256052966400:NULL:SSD:boot disk:ok";"Western Digital";"SSD";"2022-05-13T23:15:30";"Marsh";"Dell Latitude 5300";"engine-5"
"IDJAKML52H9MT2";"Marsh - Jakarta (ID) - Laptop";"13230907392";"252736155648";"Toshiba KBG40ZNS256G NVMe TOSHIBA 256GB:256052966400:NULL:SSD:boot disk:ok";"Toshiba";"SSD";"2022-05-13T23:48:44";"Marsh";"Dell Latitude 5300";"engine-5"
"VNHCMMLF087PW2";"Marsh - Ho Chi Minh City (VN) - Laptop";"25220472832";"252736155648";"Western Digital PC SN520 NVMe WDC 256GB:256052966400:NULL:SSD:boot disk:ok";"Western Digital";"SSD";"2022-05-13T14:30:06";"Marsh";"Dell Latitude 5300";"engine-5"
"IDJAKML6Z0RNQ2";"Marsh - Jakarta (ID) - Laptop";"17660555264";"254171623424";"Micron 1100 SCSI Disk Device:256052966400:0.8:SSD:boot disk:ok";"Micron";"SSD";"2022-05-13T20:48:40";"Marsh";"Dell Latitude 7280";"engine-5"
"THBANML3G2JMT2";"Marsh - Bangkok (TH) - Laptop";"17683931136";"252736155648";"Western Digital PC SN520 NVMe WDC 256GB:256052966400:NULL:SSD:boot disk:ok";"Western Digital";"SSD";"2022-05-13T16:02:59";"Marsh";"Dell Latitude 5300";"engine-5"
"IDJAKMLJWM57Y2";"Marsh - Jakarta (ID) - Laptop";"25841491968";"252736155648";"TOSHIBA KSG60ZMV256G M.2 2280 256GB:256052966400:0.9:SSD:boot disk:ok";"Toshiba";"SSD";"2022-05-13T22:00:34";"Marsh";"Unknown Model";"engine-5"
"THBANML86TTLW2";"Marsh - Bangkok (TH) - Laptop";"20478717952";"252736155648";"Samsung PM991 NVMe Samsung 256GB:256052966400:NULL:SSD:boot disk:ok";"Samsung";"SSD";"2022-05-13T22:29:55";"Marsh";"Dell Latitude 5300";"engine-5"
"VNHNIMLGJYK6Y2";"Marsh - Hanoi (VN) - Laptop";"26051485696";"252736155648";"SAMSUNG SSD PM871b M.2 2280 256GB:256052966400:0.9:SSD:boot disk:ok";"Samsung";"SSD";"2022-05-13T21:30:49";"Marsh";"Dell Latitude 5290";"engine-5"
"THBANMLB6L2PQ2";"Marsh - Bangkok (TH) - Laptop";"25578958848";"254171975680";"TOSHIBA KSG60ZMV256G SCSI Disk Device:256052966400:0.9:SSD:boot disk:ok";"Toshiba";"SSD";"2022-05-14T00:33:07";"Marsh";"Dell Latitude 7280";"engine-5"
"MYKLUMLHZS4PN2";"Marsh - Kuala Lumpur (MY) - Laptop";"22169563136";"246800166912";"Samsung Samsung SSD 860 EVO M.2 250GB:250056737280:0.9:SSD:boot disk:ok";"Samsung";"SSD";"2022-05-13T12:14:43";"Marsh";"Dell Latitude 7280";"engine-5"
"MYKLUMLDSW5NT2";"Marsh - Kuala Lumpur (MY) - Laptop";"17015611392";"252736155648";"Western Digital PC SN520 NVMe WDC 256GB:256052966400:NULL:SSD:boot disk:ok";"Western Digital";"SSD";"2022-05-14T00:53:29";"Marsh";"Dell Latitude 5300";"engine-5"
"PHMNLML6T9ZZY2";"Marsh - Manila (PH) - Laptop";"10035068928";"252736155648";"Micron 1300 SATA 256GB:256052966400:0.9:SSD:boot disk:ok";"Micron";"SSD";"2022-05-13T18:11:41";"Marsh";"Dell Latitude 5290";"engine-5"
"IDJAKMLHPYPNQ2";"Marsh - Jakarta (ID) - Laptop";"18968395776";"254171869184";"Micron 1100 SCSI Disk Device:256052966400:0.8:SSD:boot disk:ok";"Micron";"SSD";"2022-05-13T21:29:59";"Marsh";"Dell Latitude 7280";"engine-5"
"MYKLUML6S55KW2";"Marsh - Kuala Lumpur (MY) - Laptop";"14941114368";"252736155648";"BC511 NVMe SK hynix 256GB:256052966400:NULL:SSD:boot disk:ok";"";"SSD";"2022-05-13T15:29:05";"Marsh";"Dell Latitude 5300";"engine-5"
"PHMNLMLB4LJNH2";"Marsh - Manila (PH) - Laptop";"22413504512";"252736155648";"SK hynix SC311 SATA 256GB:256052966400:0.8:SSD:boot disk:ok";"";"SSD";"2022-05-13T22:21:17";"Marsh";"Dell Latitude 7480";"engine-5"
"PHMNLML4BSP1N2";"Marsh - Manila (PH) - Laptop";"24515928064";"255086751744";"SK hynix SCSI Disk Device:256052966400:0.8:SSD:boot disk:ok";"";"SSD";"2022-05-13T17:50:21";"Marsh";"Dell Latitude 7480";"engine-5"
"PHMNLMLG94H0N2";"Marsh - Manila (PH) - Laptop";"5367508992";"254264524800";"Micron 1100 SCSI Disk Device:256052966400:0.8:SSD:boot disk:ok";"Micron";"SSD";"2022-05-13T20:20:00";"Marsh";"Dell Latitude 7480";"engine-5"
"PHMNLML87SP1N2";"Marsh - Manila (PH) - Laptop";"12172296192";"254172098560";"SK hynix SCSI Disk Device:256052966400:0.8:SSD:boot disk:ok";"";"SSD";"2022-05-13T21:06:00";"Marsh";"Dell Latitude 7480";"engine-5"
"MYKLUMLD5N5NT2";"Marsh - Kuala Lumpur (MY) - Laptop";"16056504320";"252736155648";"Western Digital PC SN520 NVMe WDC 256GB:256052966400:NULL:SSD:boot disk:ok";"Western Digital";"SSD";"2022-05-13T22:12:17";"Marsh";"Dell Latitude 5300";"engine-5"
"MYKLUML19YTN93";"Marsh - Kuala Lumpur (MY) - Laptop";"6786969600";"252736155648";"KBG40ZNS256G NVMe KIOXIA 256GB:256052966400:NULL:SSD:boot disk:ok";"";"SSD";"2022-05-13T20:17:26";"Marsh";"Dell Latitude 5310";"engine-5"
"IDJAKML54GD6Y2";"Marsh - Jakarta (ID) - Laptop";"18098421760";"252736155648";"SAMSUNG SSD PM871b M.2 2280 256GB:256052966400:0.9:SSD:boot disk:ok";"Samsung";"SSD";"2022-05-13T17:33:31";"Marsh";"Unknown Model";"engine-5"
"PHMNLML2LGRMH2";"Marsh - Manila (PH) - Laptop";"26288701440";"252736155648";"TOSHIBA THNSNK256GVN8 M.2 2280 256GB:256052966400:0.6:SSD:boot disk:ok";"Toshiba";"SSD";"2022-05-13T15:52:54";"Marsh";"Dell Latitude 7480";"engine-5"
"VNHCMML2W2XSQ2";"Marsh - Ho Chi Minh City (VN) - Laptop";"22746136576";"254171189248";"SAMSUNG SSD SCSI Disk Device:256052966400:0.8:SSD:boot disk:ok";"Samsung";"SSD";"2022-05-12T16:01:24";"Marsh";"Dell Latitude 7280";"engine-5"
"PHMNLML4LGVTP2";"Marsh - Manila (PH) - Laptop";"20360069120";"254172114944";"Micron 1100 SCSI Disk Device:256052966400:0.8:SSD:boot disk:ok";"Micron";"SSD";"2022-05-13T15:23:06";"Marsh";"Dell Latitude 7480";"engine-5"
"PHMNLMLGDYYZY2";"Marsh - Manila (PH) - Laptop";"9078091776";"252736155648";"Micron 1300 SATA 256GB:256052966400:0.9:SSD:boot disk:ok";"Micron";"SSD";"2022-05-14T09:44:05";"Marsh";"Dell Latitude 5290";"engine-5"
"MYKLUMLGT6HQC2";"Marsh - Kuala Lumpur (MY) - Laptop";"25544568832";"255043784704";"Intel INTEL SSDSCKGF256A5 SATA 256GB:256052966400:0.6:SSD:boot disk:ok";"Intel";"SSD";"2022-05-10T13:01:53";"Marsh";"Dell Latitude E7470";"engine-5"
"MYKLUMLBLN5NT2";"Marsh - Kuala Lumpur (MY) - Laptop";"17015267328";"252736155648";"Western Digital PC SN520 NVMe WDC 256GB:256052966400:NULL:SSD:boot disk:ok";"Western Digital";"SSD";"2022-05-13T12:23:10";"Marsh";"Dell Latitude 5300";"engine-5"
"SGSGPML2KC7SN2";"Marsh - Singapore (SG) - Laptop";"24935579648";"254153879552";"SAMSUNG SSD SCSI Disk Device:256052966400:0.8:SSD:boot disk:ok";"Samsung";"SSD";"2022-05-11T19:00:00";"Marsh";"Dell Latitude 7280";"engine-5"
"SGSGPML1LBP3Z2";"Marsh - Singapore (SG) - Laptop";"20500271104";"252736155648";"Samsung PM981a NVMe Samsung 256GB:256052966400:NULL:SSD:boot disk:ok";"Samsung";"SSD";"2022-05-13T12:27:07";"Marsh";"Dell Latitude 7300";"engine-5"
"IDJAKCLJSD2963";"MMC - Jakarta (ID) - Laptop";"18096914432";"252736155648";"SDXC Card:63861073920:NULL:ok,Samsung PM991 NVMe Samsung 256GB:256052966400:NULL:SSD:boot disk:ok";"Samsung";"SSD";"2022-05-13T23:52:29";"MMC";"Dell Latitude 5310";"engine-18"
"IDJAKCLGTMD6Y2";"MMC - Jakarta (ID) - Laptop";"10567131136";"255084412928";"SAMSUNG SSD SCSI Disk Device:256052966400:0.9:SSD:boot disk:ok";"Samsung";"SSD";"2022-05-13T17:28:02";"Marsh";"Unknown Model";"engine-18"
"IDJAKCL1C0F6Y2";"MMC - Jakarta (ID) - Laptop";"26380357632";"254170636288";"SAMSUNG SSD SCSI Disk Device:256052966400:0.9:SSD:boot disk:ok";"Samsung";"SSD";"2022-05-13T18:51:58";"MMC";"Unknown Model";"engine-18"
"SGSGPGLB9RJDB3";"Guy Carpenter - Singapore (SG) - Desktop";"18239488000";"506228355072";"KXG60PNV512G NVMe KIOXIA 512GB:512105932800:NULL:SSD:boot disk:ok";"";"SSD";"2022-05-14T10:10:00";"Guy Carpenter";"Dell Precision 5550";"engine-2"
"IDJAKGLDK4X5Y2";"Guy Carpenter - Jakarta (ID) - Desktop";"7580803072";"252736155648";"Micron Micron 2200S NVMe 256GB:256052966400:NULL:SSD:boot disk:ok";"Micron";"SSD";"2022-05-14T10:09:32";"Guy Carpenter";"Dell Latitude 7300";"engine-2"
"SGSGPGLC8V56S2";"Guy Carpenter - Singapore (SG) - Desktop";"15923068928";"252736155648";"LITEON CV8-8E256-11 SATA 256GB:256052966400:0.7:SSD:boot disk:ok";"";"SSD";"2022-05-13T16:18:38";"Guy Carpenter";"Dell Latitude 7290";"engine-2"
